{
  "project_info": {
    "project_number": "782650276900",
    "firebase_url": "https://unibuddyapp.firebaseio.com",
    "project_id": "unibuddyapp",
    "storage_bucket": "unibuddyapp.appspot.com"
  },
  "client": [
    {
      "client_info": {
        "mobilesdk_app_id": "1:782650276900:android:56c69bed525a006c",
        "android_client_info": {
          "package_name": "com.rathor.hci"
        }
      },
      "oauth_client": [
        {
          "client_id": "782650276900-gvm5b39gorhkdl2ur74uasd3amq5u27i.apps.googleusercontent.com",
          "client_type": 3
        }
      ],
      "api_key": [
        {
          "current_key": "AIzaSyB9_g2oLo4xMrkO1b3iK-gikwMa1h_1Y9A"
        }
      ],
      "services": {
        "analytics_service": {
          "status": 1
        },
        "appinvite_service": {
          "status": 1,
          "other_platform_oauth_client": []
        },
        "ads_service": {
          "status": 2
        }
      }
    }
  ],
  "configuration_version": "1"
}